dist,ra,dec
319.7411262185364,1.568210096535968,-0.051886952930688235
6383.637048077135,1.5706859226101857,0.04255744272091967
2824.0806442589464,1.5705437492775103,0.03660414514040022
315.2125963265341,1.5681662388638844,-0.05330041998461812
2913.9551830078976,1.5705515048956773,0.03648181416688891
1335.7027317394761,1.5702491487867969,0.024068801478473886
2306.244128929098,1.5704852408730698,0.03393184816844894
834.9478374093246,1.5698979678004266,0.009884904924884648
1473.8816888670065,1.570302544232015,0.02645209512745529
872.9859475528311,1.5699406502796471,0.012030891972104116
306.6624018818152,1.5680830830453,-0.055635313395520886
662.017897327498,1.569850648156236,-0.012944154925493015
986.76367367716,1.5701919359599508,0.002144593260564725
1250.448075037402,1.5703298170972861,0.008785447227609879
3148.9206729437938,1.5706204442158274,0.023513298651184063
265.9859838710821,1.5679636542459001,-0.08131500396875486
1601.3770279017604,1.5704388861035345,0.014357675078900808
6602.596722809664,1.5707140504683772,0.028597494074918496
472.9330453826667,1.5693980483934469,-0.03081788510267144
1834.126710157046,1.5704866393853127,0.016865831739227562
2119.5721492607604,1.570530514142367,0.0189541097497454
32292.06493668866,1.5707797295827437,0.033746544674464564
1736.6840655852463,1.5703910916241564,-0.022886793059152068
927.1475306990626,1.5700121229961252,-0.03705226145410439
162.80899245468086,1.5650661145660298,-0.1793290919249564
759.8556203855277,1.569824927591915,-0.043402682309213604
1952.6714247555078,1.5704367700530384,-0.02126266140655458
2482.8242627170757,1.5705156536424831,-0.01790605396963708
941.532044665121,1.5700235488965957,-0.03655339824817381
908.1797100850893,1.569993211239979,-0.03765670502517381
430.17980275594874,1.568975373142691,-0.07170408257263874
1372.0583884787418,1.5702775299078973,-0.02696986316834691
738.3960412973928,1.5700339872065299,-0.042411128094156356
2419.4455547254915,1.5705897705712177,-0.015637630651880636
754.0810720504204,1.5700524915779988,-0.04148222099545395
1509.2053706226766,1.570453760543007,-0.02254802933410203
35551.063436428325,1.5707830087958912,-0.004585715200983541
713.3693572745744,1.5700019063883615,-0.043853484812414856
1269.385221523121,1.5703822144104862,-0.025840187270459707
1034.0025345863864,1.5702762928605347,-0.03096447235720226
1479.0956837494914,1.57044609321983,-0.022490232674772632
2556.391607746424,1.5706012522905992,-0.014564730473432047
1312.8658432380844,1.5703401430635109,-0.08795922339204534
2602.3001311050516,1.5705752393518255,-0.07851690854999491
20182.487212763604,1.5707688705937268,-0.07003690187761802
2780.0188764555924,1.5705900363380398,-0.07790778357319954
1621.903895891851,1.5704329475753256,-0.08411887279278339
2575.778011162229,1.570573177089628,-0.07859234830188482
576.4369349391612,1.5696570585010665,-0.11138147514409644
187.93460769396629,1.566244829920932,-0.19663278882139215
3193.3295988631157,1.5706178398711803,-0.0762897412286014
1040.5236592699612,1.570210402163157,-0.0921886452382938
773.428714265533,1.5699809944524132,-0.1007588758852474
767.3960971204625,1.569973798139366,-0.1009247866367974
24747.242152352606,1.5707680518898643,0.04701888239354388
718.7938360566036,1.569742223918803,0.004548786852671121
2442.1936317652026,1.5705032475615914,0.03556949251946915
627.1678942527728,1.5695734473645366,-0.0024683097876742996
1234.855109363241,1.570202206395407,0.02241591300659704
1889.0931213975975,1.570414419207658,0.031583905331756236
1052.8401958387415,1.5700937674421445,0.018198621619241247
2985.302972385104,1.5705574373858826,0.03765116959415103
376.146217488255,1.5686440855797534,-0.03603848805558287
1713.8605568382852,1.5703737599291285,0.030073843254631336
1237.5631508400393,1.5703244925310693,0.008923281024152387
657.339669457579,1.5698431267156796,-0.012268666585998077
4228.557763912467,1.570666552855376,0.026592404052244212
375.42651931060624,1.5689534537581082,-0.04797830948964568
874.516980993539,1.5701067751740327,-0.0017790333771498675
1963.8940793579916,1.5705089358715876,0.01738350317785571
756.798487573819,1.5699851323915794,-0.006681306135880526
1204.3909180463509,1.5703112359854452,0.008094895141645535
583.7796310817349,1.5697044301373992,-0.018559956535701697
1500.0180663003018,1.570413636145815,0.013284067092832298
918.0002090881958,1.5700024792367737,-0.03713207455102303
3408.8292952141023,1.5705933374663998,-0.014477776725635903
36849.67862168791,1.5707779046880446,-0.006818976174609826
814.6851414278708,1.5698940173059723,-0.040681224243184065
534.2391799527821,1.569367652997291,-0.0585763888166312
223.52206545036432,1.5668979670086456,-0.13186866515313508
2260.9339961977466,1.5704875527990483,-0.01832845837623855
769.714998042424,1.5698374091792486,-0.04252994405522574
1698.2946746747978,1.5703810294736749,-0.022267717222469254
776.0584235281519,1.56984579373455,-0.04193486302118295
1359.8268777902338,1.570412453248294,-0.024322794808856782
710.1720488404454,1.5699961941947582,-0.04408626167404863
895.5777169944988,1.5701833405924477,-0.035930320619254205
1056.3153269592449,1.5702878082494294,-0.03082912174748207
2018.4586319798677,1.5705452733426752,-0.018076103297654196
1226.2775163211631,1.5703654088281804,-0.027224667440533902
563.6987359531886,1.569747096726255,-0.05418009359298087
3289.679076962388,1.5706462393758733,-0.012452042286375576
639.5498016383849,1.5698918369791086,-0.048361233849405
915.8335013329579,1.5701985810615098,-0.03488971568237968
664.4277759091003,1.569931570725409,-0.04646378170019071
3494.3038640217374,1.5706336409328499,-0.07539893108934775
588.0939354143876,1.5696831957843393,-0.11035840731716066
1874.5874877261397,1.5704848502993198,-0.0814372830695572
4964.195999487026,1.5706829292571771,-0.07293566662397273
2817.606282921485,1.5705930647710187,-0.07674773769796166
1558.1204594836297,1.5704173393340883,-0.0840132092501217
494.671524590582,1.5694383907751408,-0.11969863817818892
1623.161871230084,1.570435270328126,-0.08496733137437115
3228.6140959118306,1.5706207355035384,-0.07742139244754764
726.3747610996757,1.5699243279841288,-0.10395006208049824
1757.8990663207064,1.5704642626277627,-0.08374983979377489
767.4251890038137,1.5699766368974248,-0.10203422346920543
675.3967320492784,1.5696680494033868,0.0019006963060134046
280.8951452822167,1.567793717736779,-0.06500319743096657
1172.5552175359276,1.5701693822104879,0.02150547406187561
1542.2000770399209,1.5703252040737745,0.028144763590814706
2321.608222508802,1.5704874808642146,0.03511985646092536
7433.246154655559,1.5707016766202067,0.044625720282796495
1122.9209075005715,1.5701398662064634,0.02080251317844726
822.8889359522193,1.5698839940295757,0.010531779882147626
1187.7347495643503,1.5701786326846612,0.022031223241522374
571.8374159273972,1.5694468342226482,-0.006753396800759072
820.1065865051035,1.5698822120071678,0.010076225164030918
932.0732062133814,1.5701536808309955,0.0012016175386187929
908.6658102618924,1.570136292665523,0.0002444293701107154
1390.570253671136,1.5703815272173292,0.01180366948648582
614.9094034807273,1.5697697206281185,-0.015396571285171393
1052.4007216326002,1.5702350599475103,0.005313042572208556
2180.8960743148427,1.5705394053233008,0.020160635428410952
2716.678504879764,1.5705919749730521,0.022891310765689964
1184.0105520547427,1.5703026749560518,0.008306324301948113
337.83293220559,1.5686997272172292,-0.055990390305047884
2244.621218262385,1.5705467729955414,0.020717285392151393
6414.903457856685,1.5707118344665705,0.02932442552794814
334.542645513383,1.5683710475379034,-0.08958363094785289
2252.0212918323405,1.5704868161627248,-0.01867661023301196
727.1415290597845,1.5697784331830833,-0.04483858697044954
2454.893473114898,1.570513065629867,-0.017249219302639125
994.8312952700983,1.570069409797416,-0.033915293851642284
1469.7860976776574,1.5703142484924941,-0.025164174437118776
633.5227685393185,1.5696128597610723,-0.0501559878491924
1408.2658288803248,1.5702926340481238,-0.02551127712253211
579.9705948726472,1.5694938225211432,-0.05385230561844678
1031.7237614174387,1.5700968368648065,-0.0324289750841725
572.5153459108086,1.5694742529603025,-0.05433656506062388
5596.393626508678,1.5707095103036146,-0.009031817188768948
2417.932362530809,1.5705887018793325,-0.015663189160878374
957.2461347659748,1.5702278838719481,-0.03331840099777568
10142.27034818604,1.5707490611168997,-0.006494822048834716
463.3628373309145,1.5694667284974158,-0.0648188434274128
3051.9333097738977,1.5706342433122515,-0.012703806964861314
11343.660302880091,1.5707541450478815,-0.005955658724601178
803.4280200191698,1.5701031029109798,-0.03866467795725909
785.4391492688844,1.570084829471849,-0.03945812279127632
2113.111848697029,1.5705572287185972,-0.016605677558236748
14207.465889998828,1.570762685035716,-0.00525312524329103
5792.688478184922,1.570699847521763,-0.07390850631295061
1914.8546858502446,1.5704934325085131,-0.08235941900534491
1391.9351526035198,1.570370791163068,-0.08705782415138637
856.6675522571504,1.570073427026096,-0.09809294615360836
1120.0793804457269,1.5702583255665978,-0.0912703186122427
2124.644882365342,1.5705250496875418,-0.080685668541681
3450.9628601290333,1.5706325720528205,-0.07608568115172226
566.9085854215859,1.5696388875739675,-0.11286723396603847
1023.5856623116362,1.5702018818560712,-0.09358847654056521
2077.693969933382,1.5705183374097513,-0.08108618114192173
3102.5520864577943,1.570567058106886,0.0383773647552941
2957.0904838627425,1.570555577548057,0.0381350130692451
159.75161919159737,1.564927341514086,-0.1536820144464942
992.3522642180535,1.5700501876252646,0.01708443922142366
1907.060750990949,1.5704188222060749,0.03236221997973331
867.192848856604,1.5699346792901046,0.012199302731085961
1750.2400723463845,1.5703836178324906,0.03083918817288755
980.3160817328815,1.57003977440119,0.01678737453649029
1074.2838157481237,1.5701097711122614,0.019623274726186617
1133.0197698567017,1.570163037097805,-0.02980705958308223
316.443306449633,1.5682130390781708,-0.09396513243773733
722.7706562188366,1.5697723730828568,-0.04398377139519888
4994.393895991622,1.5706591488910613,-0.010518965578759056
1575.8468113522702,1.5703480823870157,-0.02301269815586145
5417.734952585412,1.5706698847823721,-0.010470127359757454
747.3147087661848,1.5698078160132045,-0.04293970995278104
2274.724341730655,1.5704897055467721,-0.01760354928766561
611.7403869904837,1.5695664711894457,-0.05124098364344802
292.5570720605222,1.5679638458869944,-0.10137137327248749
438.1705917572987,1.5690137497260244,-0.06958055321240413
2610.3176689557545,1.5705300871732375,-0.015950625596260704
2433.8622839259133,1.5705102081147886,-0.016675040362949242
216.1563270126936,1.5670971422228315,-0.1080665340235668
810.6117028759509,1.5700453125599756,-0.0035421707697213013
3858.526911009602,1.5706539708335954,0.025919558771754093
549.1672134882674,1.5696249229323933,-0.021229707047644517
1359.8418379280372,1.5703707712797002,0.011726040084852701
5741.29998016419,1.5707016181033762,0.028789838464024404
627.3703334978757,1.5697912758456072,-0.014233613933051413
507.5390059927949,1.5695105381335976,-0.02570312363866985
469.4792119169881,1.569386133326149,-0.03053700905399934
9352.037038163535,1.5707449501460164,-0.006322139225426091
722.7194916921892,1.5700130859230947,-0.042350128133217105
173.06128262304063,1.565967807596984,-0.16722188533119695
405.29531189975484,1.5692271712402581,-0.07288888053652914
12256.942402678142,1.5707573153782906,-0.005082719787136339
1378.0748729013217,1.5704175539092684,-0.02328250373218371
599.0702781983854,1.56982064848609,-0.050101986168441186
2464.921290866799,1.5705912075261645,-0.01897843614487813
302.51969283990906,1.5685071559402102,-0.10035733986496866
3712.0451341144785,1.570662607901439,-0.014913900211544505
1462.6394970790682,1.5704378779827393,-0.02652728380611079
8435.935490135738,1.5707387210623562,-0.010691549555563914
1515.2057040921945,1.5704077492628061,-0.08556077894800353
435.84344326726205,1.5692190424802548,-0.12557178071357608
2123.998546812632,1.5705247604130177,-0.08069655564424312
2034.0909433890045,1.5705121893036922,-0.08103990274865872
1093.886945066302,1.5702427529121215,-0.09221019554278488
1720.3502523502455,1.570456321882048,-0.08415103150933573
748.9935520867401,1.5699535318370754,-0.10243972357333593
1440.7647296152531,1.5703854134278674,-0.08670081003732849
1384.6391064242164,1.5703678121334896,-0.08720994261685383
3347.2800837288614,1.5706267361787003,-0.0766909260800812
303.65071636024726,1.5680541075398506,-0.0557574380356878
726.8299488874843,1.5697557305472158,0.005689003533761561
1195.9048386660486,1.570183406847982,0.022896063613191228
1761.040047439251,1.5703867408284904,0.031456377129525946
1760.9946706031865,1.5703867308291155,0.03160734688109149
6095.1440823971925,1.5706807996898944,0.04430378999040383
841.4774175959557,1.5699069294938566,0.011831883088370559
9098.948427451534,1.5707192280553306,0.046217224116117187
1279.8422556563175,1.5702245305140983,0.024432553039947624
342.95859635005786,1.5684096566572465,-0.04340077618058362
1126.4865825815673,1.5701429595960217,0.021414391124622685
740.3018279090161,1.5697970303043018,-0.04322724279074121
453.52038273486687,1.56908161262594,-0.06730990567582013
1389.012144301057,1.5702847748789768,-0.025143018854195974
1401.294306113914,1.5702894350433232,-0.024896528212593354
771.4285778962051,1.5698415500552196,-0.04140986886293061
3697.416274046023,1.5706100780895207,-0.012342799350633213
395.47870760683,1.5687964671026324,-0.07583489803019676
1315.8876224961314,1.570255088783187,-0.02598562204459273
911.7472490069516,1.5699982728316502,-0.03530665835949461
908.0253734147922,1.5699947740413334,-0.03544304339840967
802.0894074740045,1.5698600485084075,0.010870749529755003
1374.8916855943392,1.5703756314096637,0.012021476209440609
4278.491120903457,1.5706682491209978,0.02718971000328152
515.7713712550013,1.5695356010298103,-0.024667075918063164
430.8023411350356,1.569236502612677,-0.03607597381998683
1956.0127484276768,1.5705077989442067,0.018969234513079844
1583.590045950836,1.5704349636633086,0.015203531323708979
1188.4624808329934,1.5703040622669762,0.009166738060310028
2306.7794800534716,1.5705765738049002,-0.019146548365470535
953.238908708853,1.5702212028843954,-0.03678316376990708
447.18545486552676,1.569397860888906,-0.06986508020171851
661.6759739255311,1.5699215892778908,-0.04956401611745398
620.9822835349926,1.569853083630312,-0.05266463534398601
2969.0529968415226,1.5706274524900696,-0.016569743934781937
2342.619913462225,1.5705799524996427,-0.01883608690114655
748.825615739129,1.5700387620837857,-0.044516968716883834
798.8782326684945,1.570092942555254,-0.042078311618431
462.7567623142448,1.5694546962460993,-0.06741389798189315
2446.178507794091,1.5705895782464838,-0.018200267917818834
3786.460300104335,1.5706654722142679,-0.014416678110468498
65635.22779413546,1.5707879534896696,-0.06942960405019255
587.8037122905597,1.5696844828209184,-0.11110107558522009
988.8744948395898,1.5701776189828156,-0.09419579266884566
1878.5231792665365,1.5704864324749401,-0.08221322255657366
1319.9705081123784,1.570345003031093,-0.08761549961927582
2841.841643993391,1.570595567085412,-0.07763060550121079
941.5223614821314,1.5701434177740732,-0.09525247361845464
1467.442033588291,1.5703935408757363,-0.08551907984938968
1383.337492334559,1.5703676359156373,-0.0869383644945526
2300.482837499362,1.5705463405025133,-0.0796971032882988
2646.6647194341085,1.570580431323583,-0.07826255236552733
2474.809549984445,1.5705647596835939,-0.07884942426449752
805.7805026438718,1.5701005108170458,-0.041792226174156545
373.3739130847406,1.568629315728483,-0.03560860842209856
1266.955823162932,1.57021868207863,0.02483106244496876
1474.1249654554956,1.57030286419892,0.0283064280069716
2160.1882424091027,1.5704641370062433,0.035259189639893815
1662.2534385786257,1.5703612981113044,0.030950075068355384
750.6373084913453,1.5697914814955158,0.007975562532606957
1193.569086005818,1.5701817262919817,0.023669364213246964
424.6443875641053,1.5692087916736186,-0.036877758557983795
3434.749400443135,1.5706515217443613,-0.015096997684698151
684.8804626255946,1.5699565176352779,-0.04789486618438109
3269.812927710447,1.5705789566556705,0.04039057450504642
1098.76121444507,1.5701418675487582,-0.0297954715831278
1715.2234793981133,1.570384769787143,-0.02282364298415727
3799.444967135798,1.5706145456630107,-0.013612294069022417
1285.6645124821634,1.5702403510846097,-0.027920313842032696
2664.7289761367992,1.5705820513532434,-0.07776180019880691
2993.2178649546645,1.5705645489446636,-0.015378244560625285
1988.6112980246535,1.5705127409045565,0.01948844358554648
1285.1899263556916,1.5703322600084106,-0.08738924991933979
1972.4317082589732,1.5705102632781218,0.019389304663070227
977.6993662948963,1.5700379577782766,0.017939749810926695
833.2409314613864,1.5699152107487726,-0.03970029076928693
511.894726035839,1.5693055162651608,-0.0592213541090179
967.89718730867,1.570050927535414,-0.03329620576113339
2626.325668893506,1.5705333784478588,-0.014522545831020877
1106.30296433708,1.570149689277811,-0.02922838212051141
566.8499300865508,1.569464845733498,-0.05357621482192143
639.0508198096171,1.5696296400321161,-0.04795761714807548
4223.788347791475,1.5706341762912575,-0.01051305895668567
579.1917098479606,1.5694949559021594,-0.05249609118430228
715.0640932343683,1.5697629713178587,-0.043222120431991286
883.3846308711554,1.5699736192773261,-0.035440153468049095
1383.8543555982455,1.5702853401494865,-0.024063602196531385
1885.537548797224,1.5704261197976994,-0.01859315999112319
1248.5204599054716,1.5703705532252512,-0.029196856210101974
2515.349565051112,1.5705957855719412,-0.01777371448738891
1101.8292499235708,1.5703076738904393,-0.03224092282953392
3252.440947815343,1.5706432012088356,-0.014928603136665277
716.1029065208671,1.5699995561250055,-0.045737084038762185
510.5360697358957,1.5696071789645865,-0.06152061613101316
771.2530904416709,1.5700640641525556,-0.04304569374400801
456.82532395587344,1.5694345835699843,-0.06804812416967554
357.40085116522437,1.5689486251596996,-0.08500220673986382
405.13364457837577,1.5692166282936717,-0.07577433596810558
1041.5205463578911,1.5702756610085649,-0.03318056399399792
1624.9321627813608,1.5704768011366141,-0.023466609875394114
777.3288358069462,1.5698283252455374,0.009641677890872169
2686.4114478111696,1.5705307440948524,0.03878963490179649
2325.277376262818,1.5704875365966633,0.034762002753778304
810.8894150234539,1.5700275966529829,-0.09935695846677077
9930.835739726936,1.5707255162279443,0.045856394534382804
920.3742947611208,1.5701288606142445,-0.09575243845701302
476.8540950694406,1.569144310710928,-0.017638039447044992
2423.335528735461,1.570560055761493,-0.07903981090500595
1507.4421785448699,1.570406366219091,-0.08500464294711478
2053.9512685117743,1.5704453711642217,0.033552455889536696
3649.642135752228,1.570606761312952,-0.013587071116816384
898.8571530758076,1.5699834350858093,-0.037022116369527944
502.8462616896998,1.569266064190697,-0.06134461642504415
222.64634404796706,1.5668785671382996,-0.13202784447794488
1746.9411689403917,1.5703929251509159,-0.02175501647530145
301.39335749196704,1.5680572433697588,-0.09886939819253888
709.7330941832606,1.5697257151641666,0.004458315112380853
923.6187705389534,1.5699883841195688,0.014879750223750675
1367.4453147341494,1.5702620281416266,0.025915749094597405
2724.452886209982,1.570587275077581,-0.0775751872910194
1075.073596530851,1.5702339862117718,-0.09160083281886774
1138.2438414174103,1.570267624354455,-0.0903688070996518
1150.3015348651543,1.5702735966606076,-0.0902813459279755
8237.009712874664,1.5707290633041502,-0.07121215396017133
311.182376464356,1.5684190150214488,-0.14686692482334954
1358.0389308890944,1.5703598450182643,-0.08626528643094505
1120.7188509548653,1.5702595636078664,-0.09045215590472402
1943.8383371213088,1.5704988977892125,-0.08106590878020552
4890.744031632289,1.5706820123644454,-0.07320494616348494
835.2913416167534,1.5700541705379727,-0.09760794613595836
410.82621485563766,1.5688773995989431,-0.07372312635804402
553.6346372449368,1.5694217801098034,-0.05598000762841868
3365.1036489872517,1.5705907566832167,-0.013289430500406034
1096.3785377050135,1.5701391007580798,-0.030332003342808455
720.5083848871253,1.5697647982215583,-0.04445059541844428
2966.807347222544,1.5705622019374572,-0.014810841262120518
589.3606045524534,1.5695121529612879,-0.053173472411701485
1177.1014923452378,1.570185929593059,-0.028860678412300205
1643.6708241306926,1.5703656778288253,-0.02234447173249558
1726.1319799990197,1.5703769529868008,0.03072244503946392
358.5907653086739,1.5685258380169884,-0.03934286762099176
4243.704291118628,1.5706293505803208,0.04207500721419552
536.9691679034385,1.5693486223003086,-0.00953533135218941
1427.1132214499396,1.5702854818376892,0.027330418548094468
907.8985900667968,1.5699746424922743,0.014938704457513517
763.0107281141896,1.569806603283288,0.008236036596784922
135.44426841387988,1.5636124897774912,-0.19115818081900998
65562.16518009912,1.570785642928678,0.04880645121169753
951.8123219040415,1.5701658866289798,0.0014592463014666726
816.2186850623561,1.5700485207913704,-0.0036878532151635867
811.4386177909736,1.5700433990603129,-0.0039602670191302885
490.704591404788,1.5694545802683986,-0.028532275195529075
4841.563041470536,1.5706830137662375,0.027087118687214896
577.826837158091,1.569688350859477,-0.01893743296819417
1254.5959033463716,1.5703306166446402,0.009441500342613502
418.9339933283355,1.5691776195525609,-0.0387571795763229
1162.14703640057,1.570290680880409,0.007596683974496454
2220.643547297881,1.570543040653469,0.020122187438731044
1274.97916176071,1.5703388572386767,0.009793846438781553
576.9830919869167,1.5696874334435944,-0.01877821114790597
1463.6537733466662,1.5704377820790396,-0.025716483675574976
3119.84897956232,1.5706359931026193,-0.01526761863465345
572.520129299051,1.5697579003231188,-0.055588727509483474
1182.9592074119269,1.5703432208729975,-0.030427527578667454
7707.2163425457165,1.5707330574074767,-0.01019119044040711
1060.7543276508572,1.5702846234578243,-0.03308731011058745
1404.0302964294756,1.570420767832622,-0.02654828999849664
443.44709538713056,1.5693806784770497,-0.0699799659088973
1659.8323084203491,1.5704831290410213,-0.02332873517621837
3296.481347759924,1.5706249963517867,-0.0753804983790462
6415.265429302085,1.570709647706054,-0.07183438429317184
799.8743182036588,1.5700161982778522,-0.09900343636415483
2443.4626177307355,1.5705623363899728,-0.07803794042122017
3559.8467550653195,1.5706379470935399,-0.07472016193531647
4829.326808265164,1.5706805552627694,-0.07248571503357806
2915.120652134706,1.5706016085841261,-0.07588720301116093
846.0928611015778,1.5700628205806624,-0.09768847264804449
1683.93916263159,1.5704493148614085,-0.08309865135963763
942.1350645158283,1.570145194837926,-0.09465239708721916
537.7424288238418,1.5695668065787247,-0.11410004016256942
694.7242088757748,1.5697229540415116,-0.04563868655347813
715.3489692113731,1.5697574852173204,-0.044108919912605384
1671.287766471867,1.5703737036712901,-0.021542848083634263
627.6708648514211,1.569598798571334,-0.0492501364068113
411.3132627880967,1.568879303882003,-0.07288073053471558
402.9917547291376,1.5688343317082254,-0.07429123709755095
540.5557453091069,1.5693844793240177,-0.0563842546917335
6288.00543844024,1.5706873906470047,-0.009405174600319997
2612.5147303344474,1.5705300896300587,-0.01564198247403967
1257.8667735664847,1.5702285021493227,-0.026981753701259808
298939.3850983259,1.5707940622000234,-0.004577904154240398
477.5074049162919,1.5691476296219875,-0.0156990573563382
3733.1775513219354,1.5706058282140736,0.04105172388770526
3099.176804692359,1.5705658452941884,0.039288889092478546
198.06524962767355,1.566262851223369,-0.11278428315542148
494.26011245357273,1.5692088477221604,-0.014530469157678335
307.1525401073198,1.5680860510365584,-0.054103124569918865
331.5540518828952,1.5683130812896857,-0.0462653296560377
524.4831749603061,1.5693097388172048,-0.010382415450700514
1335.3969105119077,1.5702485286910728,0.026722324438399638
8485.322676034988,1.5707133057860267,0.04648460900121121
9022.8240744426,1.5707363534057024,0.03043157606903727
956.1256353977255,1.5701701453619996,0.0024323532298938066
622.8892157640106,1.5697817699970245,-0.014572592200796628
1108.374071205961,1.5702634575997065,0.006524458149288557
18551.88809054771,1.5707673234654869,0.032295349529220876
2654.9780648687943,1.5705860111015377,0.022776106998509325
666.4804736368469,1.5698569481483644,-0.01100995574870708
1128.3458459710093,1.570274045908319,0.0075544099639539555
896.0898518584954,1.5701222117673916,-0.0001762831256795338
1065.6013538894852,1.5702397835483808,0.005569040271190964
514.1523293615406,1.5695265822193523,-0.024990496821543456
929.3499195467978,1.5701482882645745,0.001300076058770843
709.2835709369622,1.5697486662931723,-0.04427315869045964
881.1082544640609,1.5699670940367776,-0.036502707644122154
840.1758789331623,1.569924061546987,-0.03791117968241196
570.759303900035,1.569467874544059,-0.05361452663580525
701.6958367164912,1.5697366149227143,-0.0444248713528829
350173.5322599059,1.5707943941204934,-0.004457908010161213
2652.801481588184,1.5705344270302326,-0.014832733276924004
889.886150433763,1.5699770419419439,-0.03586262499562361
2159.3166389498283,1.5704727872424622,-0.01700465006836241
1878.4706023205958,1.5704227984368788,-0.018831826790519653
467.01413531449737,1.5691378382257783,-0.06415101354836539
1102.3388766985124,1.570143599430763,-0.029206403247028723
1095.0799449908977,1.5701216169759928,0.02130248796625488
2657.3078326560358,1.570526923692927,0.03844836169221647
964.7991708074966,1.570025152199533,0.017693311033250347
38771.68698759996,1.5707782923671918,0.048836145863076774
1830.225241921264,1.5704017910093593,0.03265023670982862
412.32166492129255,1.5688574012385161,-0.027121587265902407
1365.8376381859268,1.5702616200542159,0.02723087842282084
2797.678797945553,1.570541223893095,0.0392025394752033
399.95241560437006,1.568788988544188,-0.02918658847928562
274.3233094553923,1.5677100429681736,-0.06614596822124204
699.7928939386678,1.5697115292120227,0.005005215983252878
1351.8359011037176,1.5702565638075703,0.027619928500867717
763.168738068376,1.5699730476152298,-0.10053119206855525
562.0975287021034,1.5696283097761454,-0.1118889620918678
1794.0134321640876,1.5704720138032917,-0.08146733008120406
2924.8016397022534,1.5706020081000156,-0.07609117767949196
3091.826217845627,1.5706128619407183,-0.07566119255177169
1543.7172171360467,1.5704153046855014,-0.08418718551644752
3159.5702529550867,1.570616824738155,-0.07571799679474325
657.4027768101228,1.569821789551278,-0.10511591539859833
1739.9959797941262,1.5704614930155283,-0.08160978371356167
1793.349466094024,1.5704720570645563,-0.0812569715708325
1376.7947595616906,1.5703665535365738,-0.08538265851390134
1106.0518242573278,1.570251413065807,-0.089887242436629
843.0143865591587,1.5701340690034447,-0.0396323454752575
3546.555171790089,1.5706559059457106,-0.014153724736469588
526.4094144592741,1.569647404828284,-0.059659297628633534
1222.3327440421624,1.57036001130357,-0.029478347321334464
4393.200244938377,1.5706839717592394,-0.012507909804356057
819.0265757283524,1.5701127217666955,-0.04041815929822639
827.2679668029713,1.5701206058604007,-0.039853525914447734
2775.5405621941572,1.570615277304147,-0.016064389077667034
2372.904303997558,1.5705829369885413,-0.017677986789183715
1745.6280810378546,1.570500331115813,-0.02191575136187233
2048.277429040573,1.5705465795521865,-0.019928162721070446
821.6965481917944,1.570053424205647,-0.0029999110621032046
2251.532423501182,1.5705460362187984,0.02047785043492101
706.0085919151439,1.5699145546759958,-0.008937677789301381
452.5607341850116,1.5693186736690392,-0.03289747374439035
1016.3546516116469,1.5702095590095726,0.004200476224592461
5317.450342836099,1.5706933590641468,0.028698358196649686
851.4715726248269,1.5700832210011477,-0.001315923144400662
619.4632494215937,1.5697740369461093,-0.014695134784727573
974.7215830532206,1.5701824877963484,0.0031494428624064537
541.4557307057764,1.5696019287842766,-0.02176931752865658
1263.6858111368276,1.5703356212459314,0.0115642791919041
1468.8632049056655,1.5703132332054095,-0.023314270352131558
388.8777015672548,1.5687547034221516,-0.07652613481981506
3562.8670459014634,1.5706024227991302,-0.011677062013066805
1845.5978242795918,1.570415354331669,-0.018962693230237707
1604.3111712393388,1.5703553129162902,-0.0216027523976669
321.4003012704356,1.5682546278521503,-0.09172022083875421
400.5818931233626,1.5688217084270428,-0.07440226895174486
698.8371645745507,1.5697309677551177,-0.044336954584463364
856.2269583689971,1.5699407053810872,-0.036701676156846705
519.5231670516641,1.569321777315075,-0.05783445498023172
1169.881080737237,1.5701680931042934,0.023836073707457762
2286.903477687451,1.5704829372501548,0.03718491496064098
2358.397057413854,1.570492707918289,0.03768970162372229
696.0920656288743,1.5697052414011923,0.0055786544222067
1094.097416983339,1.5701215678122453,0.021484068842943013
933.3483666642912,1.569998442270869,0.016711173161108143
1537.5255177118158,1.570323678692455,0.03020961519614844
886.3252422623763,1.5699725078152056,-0.03541443801772056
533.1727643234984,1.5693370126564814,-0.008732833082880398
8845.791946204079,1.5707191659960644,-0.006528320948262343
982.7213422692489,1.5700404230084497,0.018545035164107312
47706.93632857192,1.5707848431052243,-0.06765069281568337
825.7852305615805,1.5700431121498104,-0.09712618594123425
671.0340330232777,1.5698446270339277,-0.10398748833420855
2055.951603815447,1.5705157135998526,-0.07902866398242904
2434.4351095750353,1.5705611876922048,-0.07691567936176992
4528.158717974211,1.5706751882867613,0.027823773524386478
521.5840342635204,1.5695186200073115,-0.11613083791179794
1258.5845030740181,1.5703317733246978,0.010401082617016335
879.7928110253282,1.5701084976975233,0.000245822190512093
1289.4787862711837,1.5703327324665173,-0.08802283074176798
2068.0152716969897,1.5705491363354522,-0.019673291404600047
3725.4953539629814,1.57066296823088,-0.013604687663709201
11833.965892004828,1.570755433779409,-0.008107225445366082
2670.6848098917035,1.570536180002797,-0.01403079297072009
1159.797170638357,1.5701777190249777,-0.02776946021077973
3039.049223336237,1.5706133963159588,0.02456994347232786
3151.374405086375,1.5706157546322352,-0.07650597294323493
1061.1502063015544,1.5702859760390648,-0.03216584694573036
4961.990825558624,1.5706538432191088,0.044601279768291126
285.5012358054768,1.5678809462646544,-0.10242527386923428
1509.0537498707745,1.5704142054691632,0.014653799216677503
1413.3420132451135,1.5703884475367633,0.013544195542276797
609.9226241271522,1.5697593237045662,-0.014699985106760823
602.28537778595,1.5697401452754596,-0.017375565270330684
948.4310069644885,1.5701635191020888,0.0010280273945996973
2255.7555128387307,1.5705468550350936,0.01965388430339835
2052.4805309704075,1.5705207931830798,0.01848304258073685
1041.2123536144413,1.570225549172884,0.004062299883759848
308.16119717381645,1.5684401323762855,-0.06553217914017984
771.1706856493208,1.5699995172404617,-0.0059265809479839065
900.2367462045347,1.5701261669024476,-0.00022331700161552098
1858.2828532899057,1.5704904752691033,0.01701457017569144
657.1543853384568,1.5699145202387874,-0.048487337495797554
1035.1330515618788,1.5702717478794115,-0.03269339658779181
1102.8475774293963,1.5703075285465264,-0.03101827756826951
1266.7258288326805,1.5703780234448197,-0.028401629710877327
2457.2753142289994,1.5705912941390798,-0.01734893807865936
559.1158996493778,1.5697310431728986,-0.05633188277612133
2929.0035775264687,1.5706256688798401,-0.015485023907382416
988.6913227850886,1.5702445935720855,-0.03442217313596927
2847.9524497317075,1.5706204003724993,-0.015531495465787692
1613.4641035401173,1.5704746563446124,-0.02314144414129686
2011.5049085775765,1.5705424859746475,-0.019691827951817464
941.8040333088566,1.5702143799628996,-0.03564072431432371
1216.3168229402038,1.5702080383183006,-0.026465407011128844
521.8593806228184,1.5693301438390892,-0.057330578864742
2191.0127597162427,1.5704772624929084,-0.01631852703325479
723.0490783625173,1.5697705214717987,-0.04238840307055886
444.19558604089826,1.5690400042530825,-0.06691503470689376
1223.5109220037486,1.5702113749528828,-0.025997175294761938
356.3080014828549,1.5685452389696948,-0.08405253437722489
424.1251011649457,1.568950549076772,-0.07132094970878758
610.2785865232134,1.5695655691352768,-0.050957314242017555
298.0570772936398,1.5680284692343218,-0.09899043850721899
642.3247075766645,1.5696059722455145,0.0016398389329728635
722.3700678574069,1.5697477487159774,0.007157378336772371
1481.647212355237,1.5703053164363214,0.029875883512116296
1477.1203319335289,1.5703038658631039,0.029900587966570066
958.4171813606479,1.570021098639923,0.018212245158385633
871.9048175701463,1.5699390268262672,0.015252117250678114
663.5889090084504,1.569647343167543,0.003629866131048491
5342.074617800385,1.5706640401741256,0.04545127749525798
919.8174061717419,1.569985940771295,0.016811112724479098
527.1303415936652,1.5693187065888532,-0.008755078456779503
1904.2238495082584,1.5704176065666646,0.03503183478223009
494.4638224893252,1.5692115147107095,-0.012613358166069078
672.1377184793704,1.5696625663540709,0.004372269838513745
812.3671360751769,1.5700270671791574,-0.09908934225560799
746.2351163134484,1.569949713637091,-0.10174359810371764
1183.889459134483,1.5702877882757025,-0.08948305822748398
689.8537610153206,1.5698703628415713,-0.10415312956736901
1736.7564000559737,1.5704595177138767,-0.08244983764732816
7733.660065989797,1.570724261325285,-0.0713276720943256
6689.6442911323575,1.570712926124869,-0.07201849733090489
1054.2391672465435,1.5702199870301714,-0.09187332505628731
588.9425207705689,1.5696877194666685,-0.1104207469296976
3210.4414094541935,1.570619422506391,-0.07577446620718133
1394.05347828516,1.5703705735047315,-0.08602009509538831
164.49991435806993,1.565371982455323,-0.21368135484614725
160.65692738313504,1.5651984925967561,-0.2169630314508709
6820.633015483573,1.5707145685110395,-0.0717134717355223
1135.2257739929273,1.570278204193871,0.007568014167127566
581.8028689964952,1.5696991563438354,-0.017636957239709997
484.05920488934504,1.569436430097316,-0.02833027532839869
1641.78989030253,1.570448340356222,0.016026978810617588
340.21226529877873,1.5687146585488227,-0.05493235331077006
3528.931475829384,1.5706400281330632,0.025922159544683902
1113.7532843124638,1.5702674250506805,0.007495359689129924
695.5178758881467,1.5699027782873731,-0.00891499624609615
1618.0712237424698,1.5704424663960974,0.0158773316862095
7524.314080328538,1.5707241844852138,0.03051328798024214
1633.0362094277905,1.5703653614087558,-0.021734843410977256
1886.6728865114458,1.570425025400243,-0.01943083469253832
746.3156230582231,1.5698077878158907,-0.04217365402803946
2907.2453487111256,1.5705584797484418,-0.01403866556467532
898.949680355716,1.5699882276713175,-0.03541031147395375
6296.38750685487,1.570688034262411,-0.008463292197239404
1088.8347957398378,1.570137113508469,-0.029776384598651506
901.2380705668194,1.569990273818037,-0.03517679991227668
1942.0201207662444,1.5704362541586643,-0.018647323287013358
6469.2751625907795,1.5706909314242812,-0.008316566484808689
1415.4972711761502,1.5702958862158296,-0.023754465170141504
1016.602081022102,1.5700868313040024,-0.03157236262690299
382.54368813403164,1.5691015800863213,-0.07942820397304705
2665.9111096169695,1.5706078538581298,-0.016078857048519486
1025.1323570913896,1.5702671987469163,-0.03292328615520684
673.2121550885564,1.5699414545403605,-0.04757477725459136
2575.403574894661,1.5706011722785522,-0.016675807050525786
642.6195084133716,1.569893759740138,-0.04952863752755498
1172.8403563608838,1.5703411143443309,-0.02963075350855759
244.19570815154404,1.5677688070074642,-0.12108583422160699
20568.147252945084,1.5707730143669825,-0.006710185776475889
1509.10660246639,1.5704513255821788,-0.02411774339215361
1185.6660614629272,1.570346950491325,-0.029061041745519777
231.81473432362154,1.567551861499661,-0.12714823771934733
831.0631274221864,1.5701256849540162,-0.039380122160822484
318.1639583962434,1.5681995499685566,-0.050410461362635606
909.937795189294,1.5699790320676816,0.015170625207076524
8442.884435216118,1.5707132654105458,0.04622838681369431
503.789130031316,1.5692475083978594,-0.013107773246208071
1913.6293658917245,1.5704207204861187,0.033416867181467184
632.7329081675864,1.5695895498112211,1.4723444035446017e-05
629.782950800536,1.5695828197135362,0.00029925788201718887
1657.8202615093314,1.5703608193043372,0.03153742789543537
713.9899621332379,1.5697376143505553,0.006235853523413937
2340.65640368638,1.5704912665532866,0.03723467878475692
2424.3871918551145,1.5705019999082155,0.03781623826622175
803.9861902877336,1.5700187197613558,-0.09879511532082676
723.7783753971986,1.569920777034979,-0.10216429149644302
700.6112198308178,1.5698880476177988,-0.10317821511193043
2094.004768320136,1.5705198890135703,-0.07989403608818887
547.0144995536328,1.5695884250954812,-0.11302364397612229
1300.1748430930081,1.5703374804788397,-0.08699511068548005
1541.9288529058363,1.57041397579871,-0.0840120167644322
2014.2641211919677,1.5705086300635174,-0.08004834012048928
1601.2180126056317,1.5704286365224405,-0.08389347581303407
311.5477349877131,1.5684159480209634,-0.14686630217794916
1287.9811287544162,1.5703445552283897,0.011419782879712886
311.84826083817165,1.5684775001438005,-0.06283365972925245
402.78882926466804,1.5691033777571943,-0.0405561608931238
243702.6165949085,1.5707941372976233,0.03495130869974486
484.4595234368999,1.5694384630043192,-0.02738861078249568
180.35103417233861,1.566100926070808,-0.1357631572739718
177.15446493952805,1.5659876762984513,-0.13895935405955998
1818.8030965488654,1.5704841446348932,0.018473858215151177
5271.428604319511,1.570692826621135,0.02929757982988894
3427.2393876165406,1.5706353530697927,0.02647560245948599
2254.4901161781104,1.57054732990424,0.021957428099545477
1512.4900801843764,1.5704518955618685,-0.023891960571769098
923.7649957567829,1.570201964023976,-0.035464136440937356
450.03041009977505,1.5694115226657241,-0.06757801587592532
3225.4318414190193,1.570641759325116,-0.014584209499241661
46374.46983498923,1.570786005565844,-0.006154373972865057
473.0913716635352,1.5694913329688722,-0.06512592897937675
3097.032336019484,1.5706351999362584,-0.014551521494087123
2134.505293773858,1.5705578565953402,-0.01835683760125006
2013.9684142378976,1.5705426353363416,-0.01916357785316622
418.5365288950366,1.5692801971945718,-0.0726682636412377
2096.588750178279,1.5705533271166296,-0.018434073307418194
1631.0701692150092,1.570477923175453,-0.02269884648984265
599.6651084394749,1.569517263531457,-0.0020807603877993973
3042.4818574605547,1.5705630677503168,0.04057237739471838
2620.3080563400167,1.5705244232362912,0.03913496272092273
1583.0712193001134,1.5703394714737295,0.031222384769469827
1683.5202864956798,1.5703671664259862,0.03157655026165969
1982.9868348667462,1.5704338348135312,0.034624770076015804
1380.4514179141245,1.5702689144395228,0.027705830235825016
3015.95883533882,1.5705605848850013,0.040159009300954736
558.1692762155933,1.5694120504009785,-0.006100838988602932
4629.577041758324,1.5706438471924196,0.04411127458129479
1978.0673155585473,1.5704327723083613,0.03467446460108305
1101.876558472959,1.570128031111516,0.021994432345699318
2078.937224548463,1.5705254603993843,0.021008063004562566
668.0238887662797,1.5698613604225868,-0.009870508795276811
708.5268423030583,1.5699217254232944,-0.007225456008451825
1780.152018395448,1.5704764366347155,0.018028659908704593
1193.9273102833547,1.5703054312402829,0.009644088599581034
2639.9365422706855,1.5705849259306481,0.023650088367086597
3586.1154486200203,1.5706423229659463,0.026740316630844155
777.1139456306412,1.57000663708306,-0.0036627548480903265
2260.7210430720565,1.570547533424757,0.022004334342417716
151.1872075259175,1.5648420930403664,-0.17015537841092998
1518.9521534783887,1.5704174612021304,0.015362718083505226
1373.4185890099877,1.5703629115636264,-0.08613250007474821
1203.0072674975054,1.5702962866757781,-0.08861923758085673
4885.453755162838,1.5706812318362746,-0.07295737070195599
1013.7283428671323,1.5701939766135928,-0.09233989516393347
984.7605861060576,1.5701741672326208,-0.09306119405819466
2872.495584871569,1.5705974547493002,-0.07623784666317329
2322.886173466885,1.5705479319797229,-0.07862082327056531
1357.7213317355868,1.5703572280280256,-0.08616119038981324
1118.3711711461701,1.5702550489160583,-0.0899278163187858
1330.1849642003606,1.5703479155233693,-0.08632702894069942
9983.187838348482,1.5707406035274536,-0.06993750508219775
1003.8854997798202,1.5700776251454496,-0.03174602581441378
418.5767464926409,1.5689238136891326,-0.07095464485507098
668.0434322311565,1.569680833954013,-0.046318644642943725
2264.7898779706748,1.5704889085022589,-0.016515923765653057
738.2632496099613,1.569795990937148,-0.042175650185192336
655.8437215065599,1.569657704172526,-0.046881361595016414
1164.187263972576,1.5701809432887937,-0.02807587729141857
2516.524985846397,1.5705204445623813,-0.014790334011599248
349.3519623613228,1.568492698282629,-0.084527586523869
3493.087957239828,1.5705990312756146,-0.011465995448522896
3841.798203238459,1.570617400653405,-0.010879459149426595
1246.1605852076182,1.5702241682393032,-0.026064736981281894
830.5213560909751,1.570123693656789,-0.039299021640206815
1424.8627612700036,1.5704277648479048,-0.024879390967196924
4154.76793552512,1.5706774739307856,-0.011888293053663285
559.9973325124013,1.5697321109466689,-0.05535793014376542
1276.0909190743373,1.5703805282333474,-0.027000379400661696
534.1353050454497,1.569669782818882,-0.05774352157222752
1328.8345233241541,1.5703994024762158,-0.026214575722215902
1650.3906227887014,1.570482827700803,-0.02155065716135127
451.58530839973486,1.5694162995423195,-0.0672674146997298
584.4871472544365,1.5697854253382177,-0.05305599115076609
4839.482403131609,1.5706948336735915,-0.010283647371581888
2177.3273733051406,1.5704671065032572,0.03635810202955325
1132.895504745525,1.5701475909424614,0.02316277183866531
1242.5033878358804,1.5702074421539776,0.025812185864658152
1025.9237414941902,1.5700765506180192,0.02023140558277563
2043.0826484296824,1.5704451891261864,0.03571981424911078
477.1256306398288,1.569151650077653,-0.015154346676659403
624.4879279629213,1.569571484155574,0.00046715229702459164
2373.0356477926844,1.5704952822236342,0.03843343407151127
1561.5061498681357,1.5703325381086144,0.031691389902028654
9142.94654531817,1.5707197941558795,0.047526808378770866
333.9899448515386,1.5683423871677833,-0.044539008895236785
708.2451628762935,1.5699196948725913,-0.007319540651249938
14297.55724579625,1.5707586904224833,0.03359271112490806
1075.4139035880903,1.5702467654088463,0.007874542866569894
258.0264975503526,1.5678509402625123,-0.08297032315774626
2650.7336969761045,1.5705858661117487,0.02431457440050491
749.0457349173494,1.5699739726182362,-0.004616378556783047
9679.611656740137,1.5707404437875547,0.03267619085637793
8079.169322504796,1.570729244592235,0.03246793803335717
6740.199192270187,1.570716484969733,0.026967853324066544
1733.9628852966434,1.5704706990142918,0.014227833729917507
878.7513864923012,1.570114440805726,-0.002424793802579817
472.18825840226185,1.5691610109487768,-0.06312571285693609
390.79011285084505,1.5687711706962046,-0.07551452491919025
2729.1920822433526,1.570542533076412,-0.013420709352695646
3855.528963952587,1.570618044994817,-0.010245990556333321
2709.39203482167,1.5705406290847155,-0.013389938806413548
8218.107329422355,1.5707134813168495,-0.006170303796262149
572.057097242141,1.569476123046573,-0.053091056547215805
1229.2394578295368,1.5702167780953908,-0.02636523350427825
1021.8168015407584,1.5700918855029582,-0.030998223983214786
4008.469611390061,1.5706252517111579,-0.010306042167590198
285.5064701449279,1.5678881700139284,-0.10233178457356241
4382.423869630524,1.5706401393794824,-0.009482287635691368
7418.694182064046,1.570730788236692,-0.008311007520501991
960.3465448579334,1.5702271051994967,-0.03376095332534406
2708.7234915605886,1.5706110719430622,-0.014449134966926097
1005.0191755343204,1.570252551741068,-0.034349889171706526
17520.087392019403,1.5707687309039025,-0.007845144999501485
4256.574479205496,1.5706799014697002,-0.01294353557581376
3973.4924366855435,1.5706713449206824,-0.013301350946110733
3272.776399592415,1.5706434378635186,-0.014932137466874737
199.39776024981973,1.5668073121503876,-0.14753984531558131
317.689047700242,1.568645361468499,-0.09460238751924498
425.8572926303852,1.5693088886392275,-0.07189128205598078
424.5479597227968,1.569164685080421,-0.1254999302770934
4284.284603212736,1.5706646047285953,-0.07308364572375647
1507.6254803306604,1.5704046407325996,-0.08415457868236315
411.19299206270404,1.569102420082818,-0.1276494389593435
3156.2988620073725,1.5706160673372456,-0.07516589847034652
5831.280839373174,1.5707003214865796,-0.0715195297478689
793.4966419032891,1.5700066509576915,-0.09846322009158155
42160.700401347305,1.5707832747095194,-0.06760538424014263
4904.206524624783,1.5706817971759703,-0.07205476234140433
293.407620032521,1.568232144249864,-0.1507978127566725
688.9090870252236,1.569868919660374,-0.10307013524715027
460.1688988872059,1.569315970359649,-0.12059173951970485
892.4456227420424,1.5699819779421977,-0.034967862643893476
683.3139675800602,1.5697093482223938,-0.044653756764611904
756.5081044369147,1.5698023338906544,0.009513308433638104
740.5761002346424,1.5698004474951992,-0.04150280709795684
23519.994383270587,1.5707675840938506,-0.004229361524939239
426.93340743642386,1.5689370322014993,-0.023282529136876454
730.4269446906395,1.5697860194423454,-0.041817555516264544
437.93238549719763,1.5689891366792235,-0.021444704899598266
10204.279465124002,1.570729842258239,-0.0057577917744307625
4777.847229066021,1.5706489695816925,0.04493928153927979
1997.1545313113836,1.570446987847633,-0.01691578678764959
2530.5255477907035,1.570514891346066,0.03892838381033996
289.6318622143686,1.567937191989647,-0.10067661962615239
835.5987012431883,1.5699021572143903,0.01324055010509888
3829.1836903029725,1.5706171930403645,-0.010336487300500945
629.5360500918563,1.569609020465944,-0.047700294104978634
1430.2698011413995,1.5703024744332643,-0.022449573054351992
1696.9882032753587,1.5703831517982334,-0.01940298533595695
1816.0134019012276,1.5704111431392205,-0.018193796476495057
2931.343893636782,1.5705611697062631,-0.0122010788739231
1940.4570165524167,1.5704365521937436,-0.01730884508939601
722.9060349962648,1.5697752160532157,-0.041571750557753154
1086.5349168599842,1.5701363978883625,-0.028513695837057165
814.1544877869803,1.5698982990075179,-0.03683729509332816
2036.7034873849514,1.570454215703732,-0.015929949322006687
2432.4889123725416,1.5705110394760113,-0.014654222052721712
762.6487435687695,1.5698102009130157,0.009650106640945916
749.9399901125955,1.5697922089829874,0.009134808031322014
678.2805118840315,1.5696781104034536,0.004923919607298884
645.1353073184453,1.5696157655399308,0.002526001606654952
1082.6195682699454,1.570116998024042,0.022556046462701627
859.286364047588,1.5699284377330007,0.014812727501108371
3279.598149707968,1.570580431134665,0.0421958799904598
1059.6377252674408,1.5701024338190037,0.02215538141180685
950.0786617269281,1.5700168481035055,0.01847853689178891
4342.2027386877335,1.5706340528393243,0.044806667404600965
467.57763166521147,1.5691164591888342,-0.015675751646900167
715.1104726740404,1.569739230800373,0.0072718346929016775
444.73017036563857,1.569018145101905,-0.020074334345356427
899.0978791052815,1.5701799406180972,-0.03714279610454716
1089.8864190572122,1.5702993463403352,-0.03173009338878659
1443.085995922835,1.5704313604903504,-0.025504319762705997
2539.2395168493317,1.5705968059556243,-0.0170550175439703
296.22888075453164,1.5684429202810233,-0.10072390314881119
607.6913554758454,1.5698281531759748,-0.05197570360506158
3189.560384232532,1.5706397158759582,-0.013983653431854115
487.5768257155506,1.5695371758039804,-0.06309687453406651
6623.90713586974,1.5707225157836229,-0.009468109862378348
585.9835142340603,1.5697862337656885,-0.053236879328511816
5040.099150616726,1.5706848891289018,-0.07164878143859009
318.2042059526095,1.5684797708387943,-0.14390404558266304
3832.99786466299,1.570649078083777,-0.07401615546835864
20516.1762969531,1.5707694852540932,-0.06836119629999365
808.6095939856971,1.570024163982511,-0.09807186136435066
1664.8748257691677,1.570444859497376,-0.08206287871710259
2214.338273848175,1.5705360939486046,-0.07851138876708545
2472.5672204962752,1.5705643077770608,-0.0772410937061169
2704.342519434001,1.5705851950749394,-0.07623384415307469
751.4191903431371,1.5699578453120524,-0.0998770188006943
1708.7574308840083,1.5704541191254902,-0.08143226544067067
5301.1691480913805,1.5706674902382745,-0.007981575145821106
641.4319767172824,1.5696321269019875,-0.04684771993301219
1555.301207733804,1.570342842362221,-0.020927564744058196
457.18936002648263,1.5691008758289196,-0.06464573386791497
2034.1129763131548,1.570453118347646,-0.0165862677745742
3540.0990746362504,1.5706019671513032,-0.010705224736823137
6094.895674224542,1.5706843788611506,-0.00687989084393709
1129.0461192269483,1.5701619304972132,-0.027228242181110224
1543.2394542584013,1.5703397427777983,-0.02040921939880974
2803.5284370947825,1.5705499147938837,-0.012176317566742806
464.7211490635694,1.569133622800581,-0.06316416066410746
366.50827589922545,1.5686199556151763,-0.07928287379937328
6879.294821410646,1.5706973931076125,-0.0059656088977427316
3923.8119508927207,1.5706161841166428,0.04393368110438469
597.1517453121982,1.5695107134806932,-0.0011346670933268083
733.6183715676933,1.569767604101769,0.008783134609423303
1752.316524576929,1.5703850275110534,0.03429664316593458
1081.2859374204718,1.5701163169199364,0.023149552468126503
535.1162962644581,1.5693486852604874,-0.006779634702087142
18538.72063393761,1.570758699913288,0.05094005433577256
3383.893957715544,1.5705870045267978,0.043356539166250645
1234.3779838697524,1.5702042154431401,0.02713379441720313
920.0849200701704,1.5699892979378118,0.018428322854210068
2029.893728276958,1.5704423371839935,0.035495672047748845
4476.437111310835,1.5706384708751262,0.04442662254713286
551.9497185952848,1.5697105830822,-0.056486546485756996
824.0906911624093,1.570116238132682,-0.039570537886008984
2750.860013919538,1.5706131641732384,-0.015532467101019522
4036.756436885821,1.5706735024342913,-0.01204628130902627
1339.628975270346,1.5704010268945756,-0.026108192469904527
767.7392903432843,1.5700594722900554,-0.0416418478402649
2359.430126331374,1.5705811393063003,-0.016885155093675257
9862.1331385526,1.570747074912179,-0.007566745388897357
1747.9969582289773,1.570499570798593,-0.021865833247311797
596.7382815658274,1.5698058124578371,-0.05283760927509514
721.971021271757,1.5700031380788553,-0.044670993986050685
325.6993248875573,1.568709583024141,-0.09219114017216283
2939.7122217686333,1.570625119952653,-0.014942287328090269
1539.438927364114,1.5704265367592931,0.012897817335514296
1865.176385562101,1.570495185968648,0.016174450247973995
2299.1511998556903,1.5705548218863086,0.01914493583675745
3802.478690623238,1.5706530721268068,0.024470091878791796
3613.0859293489243,1.5706453414640718,0.02397521441467636
698.0509250361771,1.5699138645853672,-0.010714156807909235
53366.54816064422,1.570786412886925,0.03210775464126677
1479.307017968709,1.5704107715677977,0.012243433315514007
1116.919254679407,1.5702737915945078,0.005733861112628988
2345.971484154849,1.5705598899471025,0.020174405146451732
981.8566626304823,1.5701942384216516,0.0021955329801155027
496.52553966594724,1.5694455475692262,-0.1168278218519753
2428.5960433273626,1.570560311736946,-0.07704361767651238
1762.6660936161777,1.570465616624163,-0.08092212847120209
439.73993732899913,1.5692374973801415,-0.12297555187337389
433.79992297378806,1.569211300508794,-0.12358669356050792
602.5962800228224,1.5697193542183154,-0.10762552569654599
1213.8174344590486,1.570303359271939,-0.08688941078873244
1336.3119606643347,1.5702653224523853,-0.023341305332053735
365.681145856152,1.56861315270524,-0.07940218689869097
1613.554968244392,1.570360337279671,-0.01921563562162246
806.9525756015075,1.5698889996887755,-0.03665002026925434
672.3280764070331,1.5696876986648864,-0.04573135091807058
1157.5076799986584,1.5701770645612665,-0.027998398315860002
1222.843123660879,1.5702118062331112,-0.026727977077955854
1680.1375455316477,1.5703770231765475,-0.020495112910764682
1121.5923397543236,1.5701559993122083,-0.028564858829724177
503.4883485375903,1.569271882018184,-0.05961850252487332
4295.216812019175,1.5706364023806048,-0.010135212781219451
918.9251931189357,1.5700046257336195,-0.03399768256531417
3535.360649833716,1.570601271951636,-0.011119172062004216
2957.920841575002,1.5705556477030598,0.04092689385840324
1057.236178222574,1.5700979350280921,0.021758735841809904
1384.8558082547995,1.5702705434036686,0.02894353529677021
601.8098194166794,1.569520591235483,-0.001078171118108383
1099.7026277395298,1.5701268456859845,0.023213431879631024
811.8026735558894,1.569872955830289,0.012861392116820379
602.1681729144929,1.5695219880482834,-0.0008366470578884355
2308.0047248069627,1.5704862996636595,0.03825252932771909
349.9294843837952,1.568466061871168,-0.03924295331419783
4101.961024601055,1.5706238220340998,0.04411479658415497
461.43833826955665,1.5693662263857275,-0.032695527686644
761.9083024904081,1.5699953811053904,-0.007420279628957599
756.011133361029,1.5699888456636275,-0.007315746882491268
334.1137680277335,1.5686769945008159,-0.0581685294283444
615.3403992659503,1.5697745020699785,-0.01632396559047088
585.9517222499345,1.5697151984032471,-0.018789785736357673
392.46492745020663,1.5690551992854802,-0.04454256265061485
766.8797822966435,1.5700006041524552,-0.006628860906341118
1428.7814597918348,1.5703950477557864,0.011603165965286797
2333.905712200945,1.570557791739884,0.01986261242308205
612.8702999573525,1.5698360998458614,-0.05156389186104068
694.2684080840846,1.569966577193775,-0.04600968639248868
1366.866156018182,1.5704091223065082,-0.025763526370655744
3136.45691830145,1.5706364888857123,-0.014048941038546018
615.3438889593805,1.5698400306481528,-0.05107146384408685
907.5751264827221,1.5701854563062183,-0.0362523265303516
554.0497882102113,1.5697131536396842,-0.05616382952768779
1792.6017790785363,1.5705074923160802,-0.020869755560541606
954.8372900629106,1.570219802112032,-0.034542622187056525
1098.681217712303,1.5703042839594936,-0.030742330982174527
1749.7426038512863,1.5705003067476981,-0.021117633023213983
1148.9663262375989,1.5703284453768258,-0.0291794200430089
1062.9285803179428,1.5702259803332177,-0.09017433458404665
432.22891128815127,1.5692040980748247,-0.12381124769250723
813.1436530887933,1.5700295562455813,-0.09715931542288402
2446.408677794766,1.570561964471669,-0.0766824247658895
1241.8345164379941,1.5703148727048108,-0.08670207779525736
31860.893776666464,1.5707790868271594,-0.06703307019336568
1174.570027398018,1.5702854470939147,-0.08742584339573604
8279.54599748196,1.5707293208780766,-0.0692112556282913
507.123714550753,1.5694792424509851,-0.11497301495618953
283.9888876452303,1.5681274832039502,-0.1531875719966286
504.6601423121873,1.5692760295461872,-0.05900761112749894
1640.9207154671963,1.5703667120026032,-0.020155986137219424
1705.5250155679018,1.5703834968803156,-0.01952244672030662
3383.732905227698,1.5705925542384993,-0.011115451694447411
1656.6017861003816,1.570371412217299,-0.019706842004859282
422.56082175791033,1.5689423178395296,-0.06950275183485077
1363.4577508801067,1.5702751834783384,-0.02328975188573587
8366.040645672554,1.57071491647099,-0.005833092370723182
786.8729227192305,1.5698623772277114,-0.038419111094155245
475.85016059728446,1.569173807459061,-0.061819235611503764
859.522196594546,1.5699272076690425,0.015136468989940794
823.0222653300177,1.5698858954359878,0.013545074874538836
2735.733012173158,1.5705357922219596,0.0405467473302611
740.2067272611218,1.569776793212689,0.009446051081120217
10857.705729278805,1.5707316979173611,0.04877772372004779
1485.5846204985974,1.5703069342454334,0.030204060097771834
394.3472508046902,1.568758685978989,-0.029191320781177962
4246.9789077953255,1.5706296674215152,0.04438201901644891
1734.3100461467034,1.570379562967659,0.03380898136683371
322.1489528131704,1.568232503171636,-0.04750088277044542
598.7041197593345,1.569536849704153,-0.05023138842446961
2765.7464043281675,1.5705382605128908,0.04066278403953604
2274.7878019187224,1.5705431197507187,-0.07760828411976042
2901.4501583255524,1.5705999609901875,-0.07515798776561292
770.4358715880179,1.5699807318587828,-0.09879828774924163
4814.09580488275,1.5706797276761004,-0.07182089185419759
1191.7499098707644,1.570292054178448,-0.08749939825973031
740.0200619517568,1.5699421032405436,-0.10018836763428153
588.8159898390776,1.5696871048674803,-0.10861912465866953
3440.4785648880807,1.5706316126261783,-0.07357946514886785
897.6865137223967,1.56998451258201,-0.03417449729880424
2900.7710990734213,1.57060001259074,-0.07494078057221974
419.9576748675757,1.569283186423712,-0.07188860784796695
537.7341231712442,1.5696760226244248,-0.057039468498037114
110495.76659838107,1.570791986603439,-0.004644108975151773
2846.7065399917096,1.5706196678764865,-0.014303411833366628
1415.349518624017,1.5704236156047129,-0.024729036441201925
3377.8432921512585,1.570648286714868,-0.012972031934533976
2603.2198967236145,1.5706021537680734,-0.015109616589494628
393.52769022847025,1.5691549386962422,-0.07622134387122971
1438.4276264991838,1.5702899068050324,0.03002895969140761
3078.110968613062,1.570633440608118,-0.01347990558218662
8693.017605657351,1.5707154626166746,0.04857860351244482
1472.8829905057514,1.5704081212875491,0.012626807302046739
31555.11159868244,1.570779507145779,0.03194269816987377
674.5260548443274,1.5698769839162936,-0.011398406339181216
724.3353004315292,1.5699487356953183,-0.008470777916864394
589.5651909256961,1.5695148622338806,-0.05063302474673194
1552.4931209927627,1.5704176690210814,-0.08228510701828079
632.6348047500695,1.5698726858822654,-0.04893550979408892
1392.9273393299,1.5703845704980453,0.011809632722223028
792.0683636651137,1.5698676671570124,-0.03812755198729551
5051.727107367454,1.5706892003476298,0.025665761405402457
749.0250538978504,1.5699808304299574,-0.008415010956452692
862.6277885971363,1.5701005358140803,-0.0031023789471830497
453.687053654164,1.5693364579633464,-0.03471662335966486
1346.3715060780767,1.5703692521636015,0.009697131595991879
366.5652988834864,1.5689061232211872,-0.050598398759819696
380.3293026337626,1.5689893334005596,-0.04758354690094528
892.0005589853287,1.5701253833143143,-0.0017993174785616852
4071.2576464843582,1.5706625444692723,0.02468526354957601
1669.8704433518512,1.5704571212940996,0.014051867371729664
1679.6424315777415,1.5704592256192351,0.014436070738454038
340.1112232233703,1.568387220474412,-0.04190869010325986
1034.7139092351501,1.5700815413732656,0.021908946283857183
591.5407785230391,1.5694957189773708,-0.0015474264771273788
5084.686040195216,1.5706575405287269,0.04611512597111138
998.8551119966243,1.570055021711859,0.02060983094623447
6578.727585332203,1.570689371267487,0.04762678454436826
234.25358708304012,1.5670878034911482,-0.08522281125769636
6634.1549082960955,1.5706902337160356,0.047893278941939184
332.7752400584267,1.5683280606605021,-0.0433683461582047
1441.592387609577,1.5703863442195676,-0.08359129034015468
928.4988119107594,1.5701340775407588,-0.09317801919415385
2159.1682021065635,1.5705293238758968,-0.07773281997416567
4214.155908693108,1.570662903225217,-0.07191749533884252
10184.701138606655,1.5707419749059295,-0.06852589547439165
41785.35186025695,1.5707831919511417,-0.06642340950867683
2553.9569894268216,1.5705722885497921,-0.07559935710868455
811.2897431673067,1.5700272432402325,-0.09656462597911285
3962.5653944008814,1.5706540439318073,-0.07232971034489855
670.227113295206,1.5698409265513589,-0.1029910600494618
3271.613741563896,1.5706229257710154,-0.07342570592581459
1077.6404431003627,1.5702344740780392,-0.08879918290871228
374.2823636620139,1.5686656741628784,-0.07822848560775954
702.493959949549,1.5697390176245885,-0.04265233983924192
563.469771416591,1.5694503144119798,-0.052561455553402546
229.93241568553896,1.5670305901059214,-0.12569876806105526
2782.9312001561666,1.570547197393262,-0.012622340568510977
3847.773406080016,1.5706174250565417,-0.009730237140292641
12407.708143488215,1.5707415295867622,-0.0043453410187327905
503.88028537267337,1.5692739441526957,-0.058291212804751635
1304.4446731459884,1.5702500665771313,-0.02398121635190973
711.4174470217743,1.569753902500674,-0.04164600162262081
11657.686693044661,1.5707550028452506,-0.00681837254148637
580.6439658168665,1.5697755458421379,-0.053647545510418934
1572.3795438732916,1.5704648664925838,-0.02287868954615456
18947.437762546622,1.5707709219838424,-0.006260665958087693
2250.129748163844,1.5705705203228006,-0.01699819280440642
572.8952700794671,1.5697595710667702,-0.05398464101430348
1686.801215720427,1.5704889756168936,-0.02137164469896752
509.5074862666757,1.5696025034981385,-0.06011384319265166
243.5155669236364,1.56775229684789,-0.1204985180982144
850.4440672518352,1.5701411299179289,-0.03756457879258491
519.1947064550102,1.5692979479100557,-0.00875010177186354
627.1028982287221,1.5695765962634272,0.001891904135022839
2722.574738373796,1.5705347113594088,0.041192785611329906
1671.896835436323,1.570364284512673,0.03395899719365996
582.9542364070511,1.5694763546961188,-0.0017226835209700757
554.990726479486,1.5694034040950235,-0.0046247691003300445
7756.708571370123,1.5707058650608159,0.0487315150173432
770.6374681828819,1.5698205097104843,0.011809385626572232
1738.811185459303,1.5703814295137346,0.03496582799747263
726.9891052339477,1.569757752266093,0.009247023931593611
3064.5691288424473,1.5705646805412694,0.04307872106621679
2489.6704938140538,1.5705662659658217,-0.07550013561164746
1175.5607572436325,1.5702811753395398,-0.09121338590105749
667.5862172353392,1.5698302345771966,-0.10689292127666028
541.855113040124,1.569568726497955,-0.11530850057887064
637.0024956708189,1.5697768667400875,-0.10866368002771314
908.4871564883805,1.5701124089993128,-0.09718439528424287
529.0055156453858,1.569533239637424,-0.11626506520461084
560.1021530926024,1.569614282017993,-0.11377634525964507
654.6985829885864,1.5698084668998349,-0.10748309876675104
1732.7110907756355,1.5703903527181329,-0.01815112530574898
868.6991461269583,1.5699559562289027,-0.034057124268363534
6792.717417557315,1.5706959353913632,-0.006530581881326835
1551.7992378043834,1.570341591990748,-0.020713354485278026
939.2167302046034,1.5700243657213484,-0.03251210062311514
187.80359714243212,1.565991522713837,-0.15356164095152208
310.62671174366454,1.5681579974451059,-0.09362861199999316
2046.5569941676079,1.570455208784129,-0.015875894447018483
386.77321801226947,1.5687472186161397,-0.07514193798716282
1842.4089975419276,1.5704159610853792,-0.016857862290862714
571.8249653966312,1.5694751228730326,-0.05141951625982254
1732.8398440404733,1.5704978839607002,-0.02057381996018805
2081.2722278563942,1.5705513904477373,-0.017579727117852308
4695.801439945513,1.5706916026814401,-0.01004554103582284
632.5031144690436,1.5698753496265425,-0.048575715306074276
1815.5777118172805,1.5705125872055195,-0.019615590740190647
6191.2074848142,1.5707174034134643,-0.00851666353967289
25739.82913806759,1.5707776767982198,-0.005002460788685174
706.0253039754447,1.5699853200009986,-0.043887709480555974
851.9101881572785,1.5701427777533654,-0.037179745542549214
5760.566882610556,1.5707113628461427,-0.008527698806823854
1842.2247527341242,1.5705172596897186,-0.01882808911461736
4757.77537961425,1.57068264738338,0.02711797733545787
1776.0604419842987,1.5704797593232294,0.01643002140156986
1290.3403922380412,1.570350438139585,0.01003550303035582
234.25206629013562,1.5674797484070335,-0.09680704517816052
1498.8199728185666,1.5704169354704824,0.013555171822220421
2523.5366744587864,1.5705777781940835,0.02169977390972905
1276.5225770784662,1.5703449889437529,0.010168032992733878
991.7971115240545,1.5702015076135012,0.003325440602402355
325.83912297513825,1.5686144310572483,-0.05939000815766069
1667.3482438457465,1.5704576032750657,0.015803112318476083
534.3002621553892,1.569344455540369,-0.006560352238560401
29578.78622759531,1.5707727559400884,0.05260154564845732
430.50525655128706,1.5689528296460222,-0.020781755359857667
1370.3915484876784,1.570265385095264,0.030558756813299785
2166.2329417859564,1.570465517618584,0.03870561478349593
506.14796467368365,1.569254773349812,-0.009786491804454959
2834.989921282875,1.5705451315043795,0.042336558898980185
2610.498242469351,1.5705230435145525,0.041721786229103525
29625.338538777494,1.570772777704146,0.052739272485594985
2628.593778848286,1.5705768783356184,-0.07897014614103202
631.1278821556485,1.5697665096623883,-0.10871268765656122
305.3548883536582,1.568348581274701,-0.1493820615491606
993.9555046653021,1.5701777385834645,-0.09431782494086466
2528.9963169696894,1.57056799583619,-0.07913712247492218
1806.6863318587057,1.570471486032002,-0.0828674049876259
1680.2839953245443,1.570445540816651,-0.08386776025707984
1037.6858723743603,1.5702065224860553,-0.0930011203346184
702.5123141207739,1.569885438678898,-0.10393704553959747
1288.0565888698463,1.5703300486620098,-0.08791039748937096
1310.3794183691564,1.5703386212990447,-0.08771724742724489
4300.074317769433,1.570664229053024,-0.07534242028706577
361.4034614455545,1.5688777151492983,-0.04994718730397122
552.0526075117943,1.569640811610237,-0.020525958287279742
321.53681111788404,1.5685764835160634,-0.06110863331931145
818.2908352804118,1.5700582860190575,-0.0033008573672896626
967.652614057118,1.570184794764809,0.0027246636463001267
2833.914134487344,1.5706022865837124,0.023284555887131252
928.7086816977895,1.5701558764412735,0.001473750979766766
2536.993420627805,1.5705785298248265,0.02219770411969738
333.99484659679905,1.5683732618776338,-0.08648838992969228
6064.259665006297,1.5706838426597018,-0.006085359651813131
4718.875230871714,1.5706511825929936,-0.007172955080144946
814.5080887314707,1.56989737630633,-0.03606262858511507
5547.560300774186,1.5706731544637658,-0.006163676732148039
1145.3584788956923,1.5701716426072267,-0.025828033781485644
778.7711068830113,1.5698531371973967,-0.03737208638303592
864.6447784389226,1.5699523212134572,-0.03471493471897829
1614.2692920775808,1.5703596375003444,-0.019204351424332442
755.3537281044934,1.569820058772408,-0.03913594481405759
841.6071471627545,1.5701332745625989,-0.03775248503301245
1224.1388668702007,1.5703606512579753,-0.027139613702589275
895.5298701235054,1.570177753980077,-0.03574654438475126
2609.632936413153,1.5706028377095231,-0.014731940302020673
1499.8678211925703,1.5704468795015927,-0.02267004810181709
1981.3037702631498,1.570537399096148,-0.01795102321591452
1760.8115203644845,1.5705026840109324,-0.019783224577119164
3180.204795422373,1.5706391411624967,-0.012544397864306
352.66473184302663,1.5689136328302429,-0.08391917867993569
7235.999653241468,1.5707288394573564,-0.00735783848404941
2907.3942412108636,1.570623834752632,-0.013587356220941628
754.0767215178065,1.569797241119418,0.011708140755158603
360.63424820808376,1.5685449870697203,-0.03507866003652308
997.5994148182671,1.5700544347293233,0.022187372343648048
3134.3948876173545,1.5705696905424946,0.044275049067351926
602.7800969816939,1.5695236166157693,0.001490468341535249
694.949628333593,1.569700240796443,0.003964922254964473
659.787771034459,1.5696367993057356,0.001901975600500671
511.2168105172025,1.5692647961023607,-0.012125041562705108
696.0952267788613,1.5697021777301927,0.004598480764372837
2188.4625208955777,1.5704670699222032,0.03587516868635228
2300.9436882690593,1.570483547575004,0.03659614469292824
5013.56395323568,1.5706549338783449,0.04421555666325054
997.4530737989463,1.5701796605874634,-0.09386902458332609
2843.9001749199215,1.5705940548266144,-0.07776798977568383
748.0805170648924,1.569947022284922,-0.101987077661613
5088.42334968938,1.5706850444640077,-0.07407780690116662
1174.1892839195505,1.5702798016767545,-0.0901017288037144
336.2260902817488,1.5686211980031106,-0.14175688886857513
819.802767214202,1.5700290801070846,-0.09921750482904379
896.7015174222383,1.570102362577512,-0.09653354092033009
2194.6006518084623,1.5705311387225207,-0.07989597204694182
1144.2781053807537,1.5702651705201023,-0.09027469573489919
1889.546682242631,1.5704863117276402,-0.08188770030286754
2088.7379208327557,1.5705179422912776,-0.07865038065553269
5606.078357786159,1.5706742890446166,-0.0063971333467376735
893.872643704354,1.569981540333583,-0.032971018668563806
1115.6444749389325,1.5701528902691826,-0.02655186134470516
2324.2609056719616,1.5704969024069464,-0.01328340407614766
2658.422184816263,1.5705355458324513,-0.011762374287818914
1550.8467480102054,1.5703410918448888,-0.01934214843674736
2982.1725622348113,1.5705646207520398,-0.010655618343124357
1384.8194147384563,1.570284196672419,-0.021662063158800437
1339.5350041591794,1.570266153264037,-0.0220578591020816
1761.5233936911563,1.5703980538460989,-0.016785397304200263
2315.757096638631,1.570496112566123,-0.012944251615740011
475.25481130502766,1.5694975524397632,-0.06307248212732826
1161.1428019338446,1.5703344949727585,-0.02785836215152561
1225.6338618726757,1.570361660756529,-0.026496934058508035
254.50176940090898,1.5679272299268894,-0.11480773673595272
3516.3840786881988,1.5706550089946825,-0.011251944249920225
362.32764994765665,1.568979748974708,-0.08150177810368114
807.8335719207142,1.570102059952328,-0.03826517365499054
3201.372062216726,1.5706404482652447,-0.012026850004519918
1579.2898055319272,1.570436741301628,0.014908690239087195
322.60561995473785,1.5685846916800021,-0.06030509065767513
892.2222851756949,1.5701261203472467,0.00026010416812645264
781.9165804309251,1.5700198008744384,-0.004592288980636194
1502.486084319659,1.5704175163119198,0.013847264908510229
1115.7391266586815,1.5702734214787846,0.007054038077996937
368.58008078542133,1.5689228208970059,-0.04812342350270591
1914.20289067753,1.5705037344830066,0.018639604798292388
3279.266452687594,1.5706297272226428,0.025318271360423226
2348.726502498997,1.5705602665228982,0.02175929116685647
7123.180918966306,1.5706972212475836,0.0458121342133668
494.0635387765123,1.569207212655614,-0.01396526432701765
928.6887224405351,1.5699927597038617,0.016538451435361548
4213.746700119804,1.5706278414610662,0.043159681373146234
1393.388589888958,1.5702719481725804,0.02789187968258762
1046.0708001240016,1.5700875151513174,0.020358495608375195
1994.5049077971134,1.5704344631934357,0.03510861173047629
292.8224693540916,1.5679318548471177,-0.05831887482822277
297.0983607439771,1.5679786761095587,-0.056693320441895734
336.12401966746563,1.5683500766720084,-0.04395862043584093
346.5467261670559,1.5684335586144253,-0.041059671705596636
1709.9146157847063,1.5704515324876183,-0.08340167656096271
1700.0284394044593,1.5704495607240643,-0.08320786456260047
864.941513446285,1.5700745804755294,-0.0972221852034995
1335.939879816226,1.570347965739543,-0.08698938478526902
734.8927947325457,1.5699306186384387,-0.10214976966369609
379.8411067804375,1.5689249289316212,-0.13298643647211802
850.5720212542186,1.5700605762925495,-0.09781817119199895
215.22584201407298,1.5669777513285081,-0.1808106585991804
383.0137775025323,1.5689420173077802,-0.13256282422024745
1038.9654929104026,1.5702068022315583,-0.09234440588263435
3648.850254827775,1.5706400666202829,-0.07516510145804163
1188.6634612664345,1.5702873284738932,-0.08916148251863723
1759.8097706333167,1.5704620407245375,-0.08245216493868232
652.2957008780502,1.5696516787076509,-0.04421488709683311
1929.7661711650528,1.5704338374315132,-0.015246894693926915
1162.8509932163533,1.5701809217334701,-0.025042903904495727
1521.963540358626,1.5703324284591649,-0.01899761133370885
4164.5695283620635,1.5706315071963919,-0.007067553215306637
783.6707585421545,1.5698637169556833,-0.040455367656655375
1889.0170549552133,1.5704277506570947,-0.019631175852411295
1757.2041717444408,1.5703991358939684,-0.020600209593613254
968.1473767173426,1.570230556209849,-0.032334480998683274
7013.52523171469,1.5707267750778664,-0.007256705635638983
1272.134493123717,1.5703787946904946,-0.025307238884861836
8767.671871426088,1.5707409388326903,-0.006064626829141815
1732.1493232252622,1.5704976602091607,-0.019269963280315473
675.7797935122754,1.5699427742936771,-0.04457938876290431
493.3245979607362,1.5695552903039702,-0.06025103787794717
824.6672219319015,1.570118053539003,-0.03720188581223404
411.5949950073234,1.5692519129282863,-0.07363557457568232
595.6331745443686,1.5698101372394222,-0.05248091360410601
2669.7913409879484,1.5705898613182907,0.023274464475988365
1822.9521627795232,1.5704879655948196,0.018033331863280322
1104.7543175954627,1.5702678580596783,0.007325768648412184
372.7331375100358,1.5689480282142445,-0.04658964604590908
648.5796253759245,1.569836892796628,-0.01188598367742758
3371.0776448898514,1.5706342401242952,0.02590658155985246
6613.136526667739,1.570714739372383,0.028231169634079633
35576.59074905328,1.5707813737788443,0.032113706362578875
1229.8625794329735,1.5703240951628594,0.00846279023697851
1978.4081388021082,1.5705123896978153,0.017800261671298348
478.21836719870936,1.569422606093882,-0.030241624790142363
1144.9883279723258,1.5701521551771975,0.023622087214508182
1721.1757795573058,1.5703750405737202,0.03279595985759313
512.8103758601571,1.5692696674521074,-0.011797308972482984
988.016162076588,1.5700429206303717,0.018529292119420313
1294.8510071109204,1.5702293990803589,0.026359984889116148
2363.6309220092962,1.57049187036862,0.03770080747228775
4711.267623804447,1.5706457083976115,0.04423139366245104
1317.7518563961205,1.5702399905047202,0.027153397128499318
4250.081483261375,1.570629185888311,0.04409694537293172
2789.643193394179,1.5705397503871563,0.040280675736519965
13493.8905179886,1.5707549965921943,-0.06991635912344112
675.4364815228599,1.5698432583657838,-0.10467858738660897
1035.6305722145091,1.570205814226243,-0.09264449168172012
399.14009615898607,1.5690353900866054,-0.13010828744026237
950.7146797112055,1.5701474879905488,-0.09475131221413752
1813.2742307640942,1.5704731985513163,-0.08205909422933327
2162.144689467495,1.5705279926003124,-0.0797508801189932
396.38424669531685,1.5690202155377282,-0.1305815989453077
1100.3405500753554,1.5702438516230603,-0.09083422158097824
1411.512251160011,1.5703740779363027,-0.08578348082723425
402.4775191319137,1.569054413440398,-0.1293364318163523
2588.990137662774,1.5705740718909371,-0.07784506061801554
5373.38192761463,1.570669962327917,-0.009492816999603184
1527.2983852798254,1.5703369160103622,-0.022633982276392576
2255.7038419040623,1.570489694912227,-0.016584607643870677
470.93180513423755,1.5691631516910256,-0.0639562717559951
593.6647455075403,1.5695340920288259,-0.05131463917647616
1007.373708751504,1.5700841631038098,-0.03171679153858165
596.8035501577592,1.5695418053637087,-0.05086117625012283
578.0772905143806,1.5694950852095317,-0.05293962877841898
2160.690513941124,1.5704756186573916,-0.017189188680378515
344.5176278447767,1.5684634364980672,-0.0859698152398204
798.5373980796905,1.5698814296200538,-0.039509062352420424
523.4674544802191,1.56964551763219,-0.05856817062301341
2739.71678810607,1.5706137586790216,-0.014792310816351023
1014.0689562992687,1.5702620355660322,-0.032399943262070664
2670.670133587301,1.570608798152536,-0.015171805231951297
2787.026115272068,1.5706168664085915,-0.014725705405079743
1454.7511627827305,1.5704373150271256,-0.02407253413093759
2288.6323356405396,1.570575364259453,-0.016916384114481826
537.014792591566,1.5696796474910277,-0.05711220086392089
3365.8957030955216,1.570649065605337,-0.01273740675411039
804.5924357153654,1.5701016336157099,-0.03966706365367524
848.4709487517532,1.5701427446927958,-0.0375388869444408
6125.882214389582,1.570716872311537,-0.008716528074712347
540.1443422795019,1.5696067295050646,-0.022740658987864225
1243.3984814992643,1.5703298387206575,0.008990445030591638
1113.1385838714077,1.5702703990212838,0.0063381211519957644
1470.400954291379,1.5704067036625842,0.012601694693772552
4788.707223933282,1.5706828514742297,0.026730552546686017
840.296898972149,1.5700776961454848,-0.0028026543810597006
2884.731698218632,1.5706048913033201,0.022647720667232963
2448.5029020431116,1.5705692603861265,0.021091626241501252
3152.5397486760776,1.5706218728630106,0.023851646499274706
845.4942678261843,1.570083096256774,-0.0020810810361243048
2018.687397676046,1.5705185216283155,0.018613965234080848
5525.354522500228,1.5706982979711197,0.028197623510801868
716.7446642527937,1.569736370527125,0.007248702925455125
447.0147805773126,1.5690198523425447,-0.02010790389765019
587.6508099691911,1.5694817339950717,-0.0027721068674089137
911.6511773622103,1.5699764254797,0.016968460061124523
502.4987946645936,1.5692357659180862,-0.011572106645604778
444.19673286420146,1.5690075584644345,-0.019969676040611305
947.3024294689686,1.5700102111926642,0.01769579834118917
1643.9748829250323,1.570354811708064,0.031916425847534485
819.7990313561837,1.5698792947339857,0.01260612119605041
384.67923473788386,1.5686971116332682,-0.03178289204240759
753.1689421585037,1.5697921118927058,0.009450432523169726
437.87200140364916,1.5689803891590501,-0.021132596169403214
5221.481707992688,1.5706607942944764,0.045526152986784474
423.0437847322937,1.5689518304658416,-0.07062664326920937
1028.7947360449311,1.5700987646995228,-0.03126264059377136
3380.5449731717936,1.5705936410742583,-0.012131839180687994
1185.1589521716917,1.5701965864437237,-0.02753073691983497
429.8054792471796,1.5689856412879344,-0.0695064149063264
3343.6738004060553,1.5705915566166997,-0.012013568575989184
1423.6827202872928,1.5703017131954893,-0.023199015408075965
5273.990698144567,1.5706674952351616,-0.008697569563676342
730.2629006479613,1.5697898890053026,-0.041915205438985664
5427.042260563242,1.570671085960064,-0.008580384430557498
687.5150278323683,1.5697211353739497,-0.04447259678239032
2473.547596692631,1.5705173600854154,-0.014750850212040137
5766.252410378619,1.5706988461572087,-0.0723922216577016
460.3087566510098,1.5693122045105719,-0.12175647555624547
1250.8073879937178,1.570315963634024,-0.08804701453883003
3323.044324224465,1.570624848740393,-0.07549460317515695
2961.7208817786654,1.5706032772347467,-0.07608774713389951
2402.287217592606,1.5705561880331111,-0.07780965662554405
288.54271454296315,1.5681734651899013,-0.15243142341005372
21275.67060440813,1.570770238720622,-0.0692318846906407
1306.7163328763336,1.5703373104139071,-0.08707536694293368
1105.7412443126448,1.5702465388764753,-0.09047967270198588
3887.2994428840284,1.5706501924346032,-0.0741630186707694
1122.036832993749,1.5703190676864844,-0.026249304730111875
1290.0374601601025,1.5703480176385451,0.010364973630718357
341.5430523760958,1.5687338612268196,-0.055484999228844686
576.6151723228852,1.5696944268044941,-0.018985845621948938
324.4161608724479,1.568598000663838,-0.06006357558323803
1595.7037050582426,1.5704403249844983,0.014931561074800629
1884.9075312630493,1.57049806684203,0.017803586618751248
1383.554999975009,1.5703812458316193,0.01203593471086922
4204.326766510249,1.5706668540571498,0.026719211088578686
1496.8551757197422,1.570414899478269,0.013827464054378336
293.3653764466522,1.5683025299903102,-0.07015121671355568
1339.353392090597,1.5702499948289,0.028041893331390004
5855.008439442985,1.570675726830463,0.046299473215723724
628.2506082648027,1.569576049795067,0.0013339215815657292
777.945931595095,1.5698273050590557,0.011049731513087989
673.9634255803054,1.5696650967934256,0.004682103123283957
682.5900417026104,1.569680628168739,0.005599795984246973
2040.0412793200787,1.5704433796258177,0.03693446903880602
621.006503630167,1.5695607034156334,0.0012249070332729024
729.1301261512593,1.5697561416035024,0.007939347051143335
2854.340747552126,1.57054574452743,0.04075540371566418
1205.1551228398741,1.5701858245788034,0.02555424144677837
7442.642536568093,1.5707313166168893,-0.008181892307644708
1230.2489126274413,1.5703656051392008,-0.027201712885174697
4152.3796531286935,1.5706779978083785,-0.01098588319897646
926.0413383011095,1.5702048781282274,-0.034887639838373084
1810.773509750606,1.570513563771086,-0.019748416702050128
2391.349935011009,1.5705860953523538,-0.015712950436566186
638.1818946732753,1.5698888258120294,-0.04817165310613926
776.5116401096234,1.5700735615948722,-0.04029467663624245
1926.538225993696,1.5705317404217947,-0.018506834785480954
3474.9776386834815,1.570653979867092,-0.012313585316784746
2828.8219484603837,1.5705531319645796,-0.013229111269918025
6327.200606835401,1.5706891064601298,-0.007635504446178881
1804.3173075917407,1.5704098934486237,-0.01877695646415742
776.322162627642,1.5698540098598133,-0.039532523265468765
6104.181746091071,1.5706854150444955,-0.008279571782417807
2874.376485034603,1.570557660285962,-0.013395017509984165
2696.2392264864757,1.5705414536077178,-0.013937040687065973
616.0780121674998,1.569585922777728,-0.048993818543723006
2904.9113153553635,1.5705601030941436,-0.013288900903913298
2079.4548370299685,1.5704632184559877,-0.01699018219806147
649.0622683857191,1.5698003387731818,-0.10589515123636847
792.2418674721638,1.5700006397895863,-0.09937599457074833
6575.1497434032135,1.5707108517784172,-0.0717351970696962
5355.993951140038,1.5706910001884815,-0.0725048569416044
2227.4577932825514,1.5705358816086885,-0.07876201829307669
927.5568397108148,1.5701291557998698,-0.09409918428716356
2116.9389173186514,1.5705218942213683,-0.07897725033311397
627.2794175513302,1.5697613667945105,-0.10683396740669457
2103.161820892159,1.5705197604811951,-0.07921546160036387
488.0284419635665,1.5694107886608653,-0.11736336290481694
908.4124346567447,1.5701380712855557,0.0007540962803059176
692.0241085313393,1.56990293617716,-0.009370789787582818
2885.233598781497,1.570604846695284,0.022925210728020742
1738.7648252804258,1.5704705794493563,0.016196735401927093
967.1391821387174,1.5701812144341432,0.0023114818879768793
1167.3406117490904,1.570296475567845,0.007955671621345523
437.5348439401003,1.5692688148764726,-0.03525764016945061
1600.3983745392427,1.5704402705901719,0.014993061238361235
2471.621871827156,1.5705711625989103,0.021782190327728112
390.3226194871619,1.5690425091366937,-0.04370901306336812
2885.586366793491,1.5705968307593574,-0.07700452243250025
787.5861090598405,1.5700232411446824,-0.004142454638901516
1252.7641732928153,1.5702102164736471,0.026957811610778322
3287.6185290678795,1.5705792858860503,0.042380092993914785
433.7767259943777,1.5689601587332969,-0.021515755727239107
2808.047355092048,1.570541424301349,0.040764778967814934
876.4494758455938,1.5699414579597335,0.015839681372598658
399.97592399239903,1.5687866421490118,-0.027607483481804935
5282.382394476187,1.570662242641409,0.046505066867442255
927.9631961919938,1.5699926874530892,0.017930835369554775
1753.1283751081942,1.5703832538674958,0.03439052264949132
1210.9401233115207,1.5701892001737656,0.026261431981484628
2849.737152278027,1.5705456644911098,0.04164397866626569
1635.4529298031177,1.57035254220541,0.03354653076723711
1744.4892052380637,1.5703810796585103,0.03460980992225075
1870.0029529864264,1.570522814023426,-0.019023958687113297
929.4507602641037,1.570207187054116,-0.03428669303850218
1224.5086996766304,1.5703633221414468,-0.026742025716174917
630.2983715897424,1.5698745428969985,-0.04861058604264612
976.1380807835651,1.5702391912335814,-0.03244265749822767
17331.431263741673,1.5707654907358368,0.0324036913766214
1345.834030855297,1.5702525188114445,0.02920229954268203
2744.698383178433,1.5706138073140468,-0.014747597632130184
5817.253343868573,1.5707032444813145,0.029313293549622053
692.284150825665,1.5697301025485706,-0.04412124505847217
2169.958684767783,1.5704777042378797,-0.01584830230230362
1363.2347005089762,1.570356272511673,-0.08683078772688357
899.8074663867812,1.5701041121022548,-0.09594986091392635
621.775441887823,1.5695987286729023,-0.04856288882040427
2070.0403285509633,1.5705138519634967,-0.08049632033390107
893.0188308744341,1.5699876298371522,-0.034755239221114245
745.7147656744498,1.5697789869871743,0.008602625860644857
1265.833613175085,1.570237908301216,-0.025185992689920347
939.7374542166731,1.5701364548826773,-0.09457625462614187
1571.5048134504357,1.5704345027582085,0.014488829633944014
506.8009819112893,1.5695174337106081,-0.026721672302497324
1500.5258732027028,1.5704172309738882,0.013188415455229006
6052.623247017121,1.5707075580805157,0.028307656463568302
2379.034928728734,1.570563743129011,0.020597834271054164
1935.45398117839,1.5705072945685468,0.0176506961199482
1616.317301188636,1.5704460551648405,0.01466852784644848
233.5720450317857,1.5674666665079926,-0.09720146493010093
383.89732943379045,1.5690123354788381,-0.04595692717527081
585.1423441531965,1.5697150867077636,-0.018228617228242917
2966.656513990128,1.5706104856629322,0.02390781140371392
591.2554126431228,1.569725021918425,-0.01693708181230895
1438.474910167304,1.5703978207007776,0.013278022684018825
622.7736984125572,1.5697875331383018,-0.014107336762148443
908.4037403973534,1.5701382181710664,0.0013144201068935263
636.7673577893614,1.5698131230307848,-0.012900612745236153
355.66797373182385,1.568832749623178,-0.05091521331124562
777.8854006564187,1.5700132412830579,-0.003935456112970527
1387.3443005156182,1.5703828405008204,0.012340442799586772
722.5103317561673,1.569946673096708,-0.0076966262352138855
1669.8170307689302,1.5704572331144286,0.016402137467051915
1626.5702400692774,1.5704476114938244,0.015917823601357788
1439.6505250214034,1.570288166477559,0.02904880186696042
1136.3149433330805,1.570145442995652,0.023413300551392298
946.7913536053763,1.5700073175038964,0.017965722221777437
1637.1543143079275,1.5703516310554695,0.03224120477109982
1143.2459467845279,1.5701499453609777,0.023998742838254285
389.65083192238876,1.5687236247231988,-0.030100163869601446
705.8735972142032,1.5697177304341872,0.006559006457111597
572.1710379128335,1.5694426602541578,-0.003760258684699531
3242.351949797869,1.5705760591048434,0.04210977754186661
917.2549771186831,1.570118586700923,-0.09542418484557601
2773.258808046603,1.5705883706014243,-0.07711898915536074
2702.8072313136895,1.5705830009589568,-0.07752245400608594
